u_id,backgr_degree,v_18,backgr_exp_famil_mlm,backgr_exp_teach_stat,belief_H1_1,belief_H1_2,belief_H1_3,belief_certainty_1,belief_certainty_2,belief_certainty_3,v_33,v_98,v_99,v_100,v_41,v_88,v_90,v_94,v_110
1,2,3.0,4.0,8.0,1,3.0,3.0,4.0,2.0,2.0,-0.28130074954973566,-0.17769020761247245,0.8831852289111356,0.10230203224474622,2.0,2.0,4.0,5.0,0
10,3,1.0,4.0,6.0,1,2.0,3.0,2.0,3.0,5.0,-0.1850484448845249,-0.17769020761247245,-0.4701849420102447,0.10230203224474622,2.0,3.0,4.0,4.0,0
100,4,1.0,5.0,3.0,1,2.0,3.0,5.0,5.0,5.0,0.19996077377631807,-0.17769020761247245,-0.4701849420102447,-1.179482254115897,3.0,5.0,4.0,4.0,0
101,4,2.0,4.0,7.0,1,2.0,3.0,3.0,3.0,5.0,-0.2331745972171303,1.1274137310584462,-0.4701849420102447,0.10230203224474622,2.0,5.0,4.0,5.0,1
102,2,1.0,3.0,2.0,1,2.0,3.0,2.0,2.0,5.0,-0.32942690188234103,-0.17769020761247245,-0.4701849420102447,0.10230203224474622,2.0,5.0,4.0,5.0,0
103,2,1.0,2.0,1.0,2,2.0,3.0,4.0,4.0,5.0,0.05558231677850195,1.1274137310584462,-0.4701849420102447,1.3840863186053893,2.0,5.0,4.0,5.0,0
104,2,1.0,3.0,4.0,1,2.0,4.0,2.0,1.0,2.0,-0.13692229255191954,-1.4827941462833911,-0.4701849420102447,-1.179482254115897,2.0,2.0,4.0,4.0,0
105,5,1.0,4.0,3.0,1,3.0,3.0,2.0,2.0,4.0,-0.13692229255191954,1.1274137310584462,0.8831852289111356,-1.179482254115897,3.0,3.0,4.0,3.0,0
106,3,3.0,4.0,12.0,0,2.0,3.0,1.0,3.0,4.0,-0.13692229255191954,-0.17769020761247245,-0.4701849420102447,0.10230203224474622,2.0,4.0,4.0,4.0,0
107,3,1.0,3.0,1.0,1,2.0,3.0,4.0,3.0,4.0,-0.13692229255191954,-0.17769020761247245,-0.4701849420102447,0.10230203224474622,2.0,4.0,4.0,4.0,0
108,3,1.0,4.0,1.0,2,2.0,3.0,3.0,3.0,4.0,-0.13692229255191954,-0.17769020761247245,-0.4701849420102447,0.10230203224474622,2.0,4.0,4.0,4.0,0
109,2,1.0,3.0,3.0,1,2.0,2.0,2.0,2.0,4.0,-0.28130074954973566,-1.4827941462833911,-0.4701849420102447,0.10230203224474622,3.0,3.0,3.0,4.0,0
11,0,1.0,4.0,2.0,1,2.0,3.0,2.0,3.0,4.0,-0.1850484448845249,-0.17769020761247245,-0.4701849420102447,0.10230203224474622,2.0,2.0,2.0,4.0,1
110,2,1.0,3.0,3.0,2,3.0,2.0,4.0,5.0,4.0,0.29621307844152883,-1.4827941462833911,-0.4701849420102447,0.10230203224474622,2.0,4.0,3.0,5.0,0
111,3,2.0,3.0,1.0,1,2.0,3.0,5.0,5.0,4.0,-0.13692229255191954,-0.17769020761247245,-0.4701849420102447,0.10230203224474622,2.0,4.0,4.0,4.0,0
112,3,3.0,5.0,1.0,1,2.0,3.0,4.0,4.0,1.0,-0.28130074954973566,-1.4827941462833911,-0.4701849420102447,-1.179482254115897,2.0,2.0,2.0,2.0,0
113,2,3.0,4.0,2.0,2,3.0,3.0,1.0,2.0,1.0,-0.08879614021931417,1.1274137310584462,-0.4701849420102447,-1.179482254115897,3.0,4.0,5.0,3.0,0
114,2,1.0,4.0,1.0,1,2.0,2.0,2.0,2.0,3.0,-0.32942690188234103,-0.17769020761247245,-0.4701849420102447,-1.179482254115897,2.0,5.0,4.0,4.0,1
115,2,1.0,4.0,3.0,1,2.0,3.0,3.0,3.0,4.0,-0.13692229255191954,-0.17769020761247245,-0.4701849420102447,0.10230203224474622,2.0,4.0,4.0,4.0,0
116,4,3.0,4.0,12.0,1,2.0,2.0,4.0,5.0,2.0,-0.13692229255191954,1.1274137310584462,-0.4701849420102447,-1.179482254115897,2.0,4.0,4.0,4.0,0
117,4,1.0,5.0,1.0,2,2.0,3.0,4.0,4.0,4.0,-0.2331745972171303,-0.17769020761247245,-0.4701849420102447,0.10230203224474622,2.0,4.0,4.0,4.0,0
118,2,1.0,5.0,4.0,1,2.0,3.0,4.0,2.0,4.0,-0.1850484448845249,-0.17769020761247245,-0.4701849420102447,0.10230203224474622,2.0,4.0,4.0,4.0,0
119,6,3.0,3.0,1.0,1,2.0,3.0,4.0,4.0,4.0,-0.2331745972171303,-0.17769020761247245,-0.4701849420102447,0.10230203224474622,2.0,4.0,4.0,4.0,0
12,3,1.0,4.0,1.0,1,2.0,3.0,2.0,3.0,5.0,-0.13692229255191954,-1.4827941462833911,0.8831852289111356,1.3840863186053893,2.0,4.0,5.0,5.0,1
120,2,1.0,4.0,1.0,1,3.0,2.0,6.0,5.0,6.0,0.969979211098004,1.1274137310584462,0.8831852289111356,0.10230203224474622,2.0,4.0,5.0,5.0,1
121,3,1.0,4.0,2.0,1,2.0,2.0,4.0,2.0,3.0,-0.1850484448845249,1.1274137310584462,-0.4701849420102447,1.3840863186053893,2.0,4.0,5.0,4.0,1
122,2,2.0,3.0,1.0,2,2.0,2.0,5.0,5.0,5.0,0.007456164445896576,1.1274137310584462,2.236555399832516,2.665870604966033,2.0,5.0,4.0,5.0,1
123,1,2.0,4.0,3.0,2,3.0,3.0,2.0,1.0,2.0,0.24808692610892344,1.1274137310584462,-0.4701849420102447,0.10230203224474622,2.0,2.0,5.0,4.0,0
125,2,3.0,4.0,9.0,1,2.0,3.0,2.0,2.0,4.0,-0.1850484448845249,1.1274137310584462,0.8831852289111356,-1.179482254115897,2.0,2.0,2.0,4.0,0
126,2,3.0,5.0,12.0,2,3.0,3.0,6.0,6.0,7.0,0.007456164445896576,-0.17769020761247245,-0.4701849420102447,0.10230203224474622,1.0,4.0,4.0,4.0,0
127,2,3.0,5.0,12.0,1,2.0,4.0,4.0,4.0,5.0,0.007456164445896576,-0.17769020761247245,0.8831852289111356,-1.179482254115897,2.0,4.0,4.0,5.0,0
128,2,1.0,3.0,1.0,0,2.0,2.0,4.0,1.0,5.0,0.7293484494349772,1.1274137310584462,-0.4701849420102447,0.10230203224474622,5.0,5.0,5.0,5.0,0
129,3,1.0,4.0,4.0,1,2.0,2.0,6.0,5.0,6.0,-0.32942690188234103,-0.17769020761247245,0.8831852289111356,-1.179482254115897,2.0,4.0,3.0,3.0,0
13,2,1.0,3.0,2.0,1,2.0,2.0,3.0,4.0,4.0,-0.1850484448845249,-2.7878980849543096,-0.4701849420102447,0.10230203224474622,2.0,2.0,1.0,2.0,0
130,2,1.0,3.0,3.0,1,2.0,3.0,2.0,5.0,4.0,-0.42567920654755176,-0.17769020761247245,-0.4701849420102447,-1.179482254115897,3.0,4.0,2.0,2.0,1
131,4,1.0,5.0,1.0,1,2.0,3.0,2.0,3.0,4.0,-0.13692229255191954,-0.17769020761247245,-0.4701849420102447,0.10230203224474622,2.0,4.0,4.0,4.0,0
132,4,2.0,4.0,2.0,0,2.0,3.0,5.0,3.0,4.0,-0.13692229255191954,-0.17769020761247245,-0.4701849420102447,0.10230203224474622,2.0,4.0,4.0,4.0,0
133,3,1.0,3.0,2.0,2,3.0,3.0,3.0,3.0,4.0,-0.08879614021931417,-0.17769020761247245,-0.4701849420102447,0.10230203224474622,2.0,4.0,4.0,4.0,0
134,0,1.0,2.0,1.0,1,2.0,2.0,3.0,3.0,3.0,-0.2331745972171303,1.1274137310584462,-0.4701849420102447,2.665870604966033,2.0,2.0,4.0,5.0,0
135,3,1.0,3.0,1.0,1,3.0,4.0,1.0,2.0,2.0,-0.28130074954973566,1.1274137310584462,-0.4701849420102447,1.3840863186053893,2.0,5.0,2.0,5.0,1
136,2,2.0,4.0,12.0,1,2.0,2.0,4.0,2.0,5.0,0.007456164445896576,1.1274137310584462,2.236555399832516,0.10230203224474622,2.0,5.0,4.0,5.0,0
137,2,2.0,5.0,12.0,2,2.0,3.0,4.0,4.0,4.0,-0.1850484448845249,1.1274137310584462,0.8831852289111356,-1.179482254115897,2.0,4.0,4.0,4.0,0
138,5,1.0,4.0,3.0,2,3.0,3.0,2.0,5.0,3.0,-0.13692229255191954,-1.4827941462833911,-0.4701849420102447,-1.179482254115897,3.0,5.0,5.0,5.0,0
139,2,1.0,4.0,3.0,1,2.0,3.0,3.0,3.0,4.0,-0.13692229255191954,-0.17769020761247245,-0.4701849420102447,0.10230203224474622,2.0,4.0,4.0,4.0,0
14,2,3.0,5.0,12.0,1,2.0,2.0,4.0,4.0,5.0,-0.13692229255191954,-0.17769020761247245,-0.4701849420102447,-1.179482254115897,2.0,5.0,3.0,3.0,0
140,2,2.0,5.0,12.0,0,2.0,3.0,5.0,5.0,4.0,-0.1850484448845249,-0.17769020761247245,-0.4701849420102447,0.10230203224474622,2.0,4.0,4.0,4.0,0
141,2,2.0,4.0,5.0,2,3.0,3.0,3.0,2.0,5.0,-0.3775530542149464,-2.7878980849543096,-0.4701849420102447,-1.179482254115897,1.0,4.0,5.0,5.0,0
142,2,1.0,4.0,1.0,2,4.0,3.0,2.0,2.0,4.0,-0.2331745972171303,-1.4827941462833911,-0.4701849420102447,1.3840863186053893,2.0,2.0,4.0,4.0,1
143,2,1.0,3.0,2.0,2,3.0,3.0,4.0,2.0,4.0,-0.32942690188234103,1.1274137310584462,0.8831852289111356,1.3840863186053893,1.0,3.0,4.0,4.0,1
144,2,1.0,4.0,3.0,1,2.0,3.0,1.0,3.0,2.0,-0.08879614021931417,-1.4827941462833911,0.8831852289111356,1.3840863186053893,2.0,4.0,4.0,4.0,0
145,2,2.0,4.0,2.0,1,2.0,2.0,4.0,3.0,4.0,0.007456164445896576,-1.4827941462833911,-0.4701849420102447,-1.179482254115897,1.0,5.0,5.0,4.0,1
146,2,1.0,4.0,1.0,1,2.0,3.0,4.0,5.0,6.0,-0.040669987886708794,-0.17769020761247245,0.8831852289111356,0.10230203224474622,2.0,5.0,5.0,4.0,0
147,6,2.0,1.0,1.0,2,2.0,3.0,1.0,4.0,4.0,-0.08879614021931417,1.1274137310584462,-0.4701849420102447,2.665870604966033,3.0,5.0,4.0,4.0,0
149,4,3.0,3.0,2.0,1,2.0,3.0,3.0,3.0,1.0,0.007456164445896576,-0.17769020761247245,-0.4701849420102447,0.10230203224474622,3.0,4.0,4.0,4.0,0
150,2,3.0,5.0,12.0,2,3.0,3.0,2.0,1.0,4.0,-0.2331745972171303,1.1274137310584462,-0.4701849420102447,-1.179482254115897,3.0,3.0,3.0,2.0,0
151,2,1.0,1.0,12.0,2,3.0,3.0,3.0,4.0,2.0,-0.2331745972171303,1.1274137310584462,-0.4701849420102447,1.3840863186053893,4.0,4.0,5.0,5.0,0
152,2,3.0,4.0,6.0,3,2.0,3.0,1.0,1.0,4.0,0.969979211098004,1.1274137310584462,-0.4701849420102447,-1.179482254115897,3.0,4.0,1.0,5.0,1
153,2,2.0,4.0,3.0,2,2.0,3.0,2.0,3.0,3.0,-0.2331745972171303,-0.17769020761247245,0.8831852289111356,1.3840863186053893,1.0,4.0,4.0,5.0,1
154,6,2.0,4.0,1.0,1,2.0,3.0,2.0,3.0,4.0,-0.13692229255191954,-0.17769020761247245,-0.4701849420102447,0.10230203224474622,2.0,4.0,4.0,4.0,0
155,1,3.0,3.0,5.0,1,3.0,2.0,2.0,6.0,3.0,-0.32942690188234103,-0.17769020761247245,0.8831852289111356,0.10230203224474622,4.0,2.0,4.0,3.0,0
156,3,1.0,5.0,3.0,2,3.0,3.0,1.0,3.0,3.0,-0.08879614021931417,1.1274137310584462,2.236555399832516,-1.179482254115897,3.0,5.0,3.0,5.0,0
157,3,3.0,2.0,12.0,2,3.0,3.0,5.0,5.0,5.0,-0.08879614021931417,1.1274137310584462,2.236555399832516,0.10230203224474622,2.0,4.0,4.0,4.0,0
158,6,1.0,2.0,1.0,1,2.0,3.0,2.0,5.0,4.0,-0.08879614021931417,1.1274137310584462,-0.4701849420102447,1.3840863186053893,3.0,2.0,5.0,5.0,1
159,3,2.0,3.0,3.0,1,3.0,3.0,4.0,4.0,4.0,-0.08879614021931417,-0.17769020761247245,-0.4701849420102447,0.10230203224474622,2.0,4.0,4.0,4.0,0
16,2,1.0,4.0,1.0,1,2.0,3.0,3.0,3.0,1.0,-0.32942690188234103,1.1274137310584462,-0.4701849420102447,0.10230203224474622,2.0,4.0,2.0,5.0,1
160,2,1.0,4.0,2.0,1,2.0,3.0,2.0,4.0,4.0,0.29621307844152883,1.1274137310584462,-0.4701849420102447,0.10230203224474622,2.0,2.0,5.0,4.0,1
161,4,1.0,4.0,3.0,3,3.0,3.0,2.0,2.0,3.0,0.007456164445896576,-1.4827941462833911,-0.4701849420102447,1.3840863186053893,3.0,4.0,4.0,4.0,0
162,3,1.0,4.0,9.0,1,3.0,3.0,4.0,4.0,3.0,-0.08879614021931417,-0.17769020761247245,0.8831852289111356,-1.179482254115897,2.0,5.0,4.0,4.0,1
163,2,1.0,4.0,3.0,1,2.0,3.0,3.0,3.0,4.0,-0.13692229255191954,-0.17769020761247245,-0.4701849420102447,0.10230203224474622,2.0,4.0,4.0,4.0,0
164,6,2.0,4.0,3.0,3,4.0,3.0,4.0,3.0,4.0,0.969979211098004,-0.17769020761247245,-0.4701849420102447,0.10230203224474622,3.0,4.0,4.0,4.0,0
165,6,2.0,3.0,1.0,3,2.0,3.0,5.0,3.0,4.0,-0.13692229255191954,-0.17769020761247245,-0.4701849420102447,0.10230203224474622,2.0,4.0,4.0,4.0,0
166,6,1.0,3.0,2.0,2,3.0,3.0,2.0,3.0,4.0,-0.28130074954973566,-0.17769020761247245,-0.4701849420102447,0.10230203224474622,1.0,4.0,4.0,4.0,0
167,3,2.0,3.0,1.0,1,2.0,3.0,4.0,5.0,4.0,0.007456164445896576,-0.17769020761247245,-0.4701849420102447,0.10230203224474622,3.0,4.0,4.0,4.0,0
168,3,3.0,5.0,3.0,0,2.0,3.0,2.0,2.0,4.0,1.4512407344240579,-0.17769020761247245,-0.4701849420102447,0.10230203224474622,2.0,4.0,4.0,4.0,0
169,1,2.0,3.0,5.0,1,2.0,3.0,4.0,3.0,4.0,-0.13692229255191954,-0.17769020761247245,-0.4701849420102447,0.10230203224474622,2.0,4.0,4.0,4.0,0
17,2,2.0,5.0,7.0,2,3.0,3.0,5.0,4.0,7.0,-0.2331745972171303,-0.17769020761247245,2.236555399832516,-1.179482254115897,3.0,2.0,4.0,5.0,0
170,3,1.0,4.0,2.0,2,3.0,3.0,1.0,4.0,4.0,0.007456164445896576,1.1274137310584462,-0.4701849420102447,-1.179482254115897,3.0,4.0,2.0,2.0,1
171,3,1.0,4.0,5.0,2,3.0,3.0,1.0,3.0,2.0,-0.08879614021931417,1.1274137310584462,-0.4701849420102447,-1.179482254115897,2.0,5.0,4.0,4.0,0
172,3,1.0,3.0,3.0,2,2.0,3.0,2.0,2.0,1.0,-0.08879614021931417,-0.17769020761247245,-0.4701849420102447,1.3840863186053893,3.0,2.0,4.0,4.0,0
173,3,3.0,3.0,5.0,3,3.0,3.0,2.0,2.0,1.0,-0.1850484448845249,-0.17769020761247245,-0.4701849420102447,0.10230203224474622,1.0,4.0,4.0,4.0,0
174,3,2.0,3.0,7.0,1,2.0,3.0,2.0,2.0,4.0,-0.040669987886708794,1.1274137310584462,-0.4701849420102447,-1.179482254115897,2.0,2.0,5.0,2.0,0
175,3,2.0,3.0,5.0,1,2.0,3.0,5.0,3.0,4.0,-0.13692229255191954,-0.17769020761247245,-0.4701849420102447,0.10230203224474622,2.0,4.0,4.0,4.0,0
176,2,1.0,5.0,5.0,1,2.0,3.0,4.0,3.0,4.0,-0.4738053588801572,1.1274137310584462,-0.4701849420102447,-1.179482254115897,3.0,5.0,1.0,4.0,1
177,2,1.0,3.0,4.0,1,3.0,2.0,4.0,3.0,5.0,0.007456164445896576,1.1274137310584462,-0.4701849420102447,-1.179482254115897,4.0,3.0,4.0,4.0,0
178,2,1.0,3.0,3.0,1,4.0,3.0,3.0,4.0,4.0,0.24808692610892344,1.1274137310584462,0.8831852289111356,0.10230203224474622,2.0,5.0,3.0,5.0,1
179,3,3.0,4.0,5.0,2,3.0,2.0,1.0,2.0,3.0,0.4887176877719503,1.1274137310584462,-0.4701849420102447,1.3840863186053893,2.0,4.0,4.0,5.0,0
18,2,3.0,5.0,9.0,1,2.0,2.0,2.0,5.0,5.0,-0.1850484448845249,1.1274137310584462,-0.4701849420102447,-1.179482254115897,2.0,4.0,4.0,3.0,0
180,2,2.0,4.0,4.0,2,3.0,3.0,4.0,3.0,4.0,0.007456164445896576,-0.17769020761247245,-0.4701849420102447,0.10230203224474622,2.0,4.0,4.0,4.0,0
181,3,3.0,3.0,12.0,2,3.0,3.0,3.0,3.0,4.0,-0.16098536871822222,-0.17769020761247245,-0.4701849420102447,0.10230203224474622,2.0,4.0,4.0,4.0,0
182,3,1.0,3.0,5.0,1,2.0,3.0,2.0,3.0,4.0,-0.13692229255191954,-0.17769020761247245,-0.4701849420102447,0.10230203224474622,2.0,4.0,4.0,4.0,0
183,2,3.0,3.0,6.0,2,3.0,3.0,3.0,2.0,4.0,1.2106099727610309,-0.17769020761247245,-0.4701849420102447,0.10230203224474622,2.0,4.0,4.0,4.0,0
184,5,2.0,2.0,4.0,1,2.0,3.0,5.0,5.0,4.0,0.007456164445896576,-0.17769020761247245,-0.4701849420102447,0.10230203224474622,2.0,4.0,4.0,4.0,0
185,2,3.0,1.0,2.0,2,2.0,3.0,2.0,3.0,4.0,-0.13692229255191954,-0.17769020761247245,-0.4701849420102447,0.10230203224474622,2.0,4.0,4.0,4.0,0
187,4,1.0,3.0,2.0,2,2.0,3.0,2.0,2.0,2.0,0.007456164445896576,-0.17769020761247245,-0.4701849420102447,2.665870604966033,2.0,5.0,4.0,4.0,1
188,3,1.0,4.0,3.0,1,3.0,3.0,3.0,3.0,5.0,-0.28130074954973566,-0.17769020761247245,-0.4701849420102447,0.10230203224474622,3.0,4.0,4.0,4.0,0
189,3,1.0,3.0,1.0,2,3.0,3.0,2.0,2.0,2.0,0.007456164445896576,-0.17769020761247245,-0.4701849420102447,1.3840863186053893,2.0,4.0,4.0,5.0,0
19,2,3.0,5.0,3.0,1,2.0,2.0,3.0,3.0,2.0,-0.1850484448845249,-0.17769020761247245,0.8831852289111356,-1.179482254115897,2.0,4.0,4.0,3.0,0
190,2,3.0,3.0,12.0,2,2.0,3.0,3.0,5.0,6.0,-0.28130074954973566,-0.17769020761247245,-0.4701849420102447,0.10230203224474622,3.0,4.0,4.0,4.0,0
191,1,1.0,3.0,1.0,2,3.0,3.0,1.0,3.0,6.0,-0.3775530542149464,1.1274137310584462,-0.4701849420102447,1.3840863186053893,3.0,4.0,2.0,4.0,1
192,2,1.0,5.0,12.0,2,3.0,3.0,4.0,4.0,5.0,-0.2331745972171303,-0.17769020761247245,-0.4701849420102447,-1.179482254115897,2.0,2.0,1.0,4.0,0
193,3,3.0,3.0,3.0,0,2.0,3.0,1.0,1.0,2.0,-0.13692229255191954,-1.4827941462833911,-0.4701849420102447,-1.179482254115897,1.0,4.0,5.0,4.0,1
194,3,1.0,2.0,2.0,3,4.0,3.0,2.0,5.0,5.0,-0.1850484448845249,-1.4827941462833911,-0.4701849420102447,2.665870604966033,1.0,1.0,5.0,5.0,0
195,3,1.0,4.0,5.0,2,3.0,3.0,2.0,2.0,3.0,-0.1850484448845249,1.1274137310584462,-0.4701849420102447,0.10230203224474622,1.0,3.0,4.0,4.0,0
196,3,1.0,3.0,2.0,1,2.0,3.0,6.0,6.0,5.0,0.007456164445896576,-0.17769020761247245,-0.4701849420102447,0.10230203224474622,2.0,4.0,4.0,4.0,0
197,3,1.0,3.0,3.0,1,3.0,3.0,2.0,3.0,4.0,-0.3775530542149464,1.1274137310584462,0.8831852289111356,0.10230203224474622,3.0,2.0,3.0,4.0,1
198,4,1.0,3.0,5.0,3,2.0,3.0,2.0,3.0,4.0,-0.13692229255191954,-0.17769020761247245,-0.4701849420102447,0.10230203224474622,2.0,4.0,4.0,4.0,0
199,4,1.0,4.0,3.0,1,2.0,3.0,2.0,3.0,4.0,-0.13692229255191954,-0.17769020761247245,-0.4701849420102447,0.10230203224474622,2.0,4.0,4.0,4.0,0
20,2,1.0,3.0,3.0,1,2.0,3.0,2.0,4.0,5.0,-0.28130074954973566,1.1274137310584462,0.8831852289111356,-1.179482254115897,2.0,3.0,3.0,4.0,0
200,2,1.0,2.0,1.0,2,2.0,3.0,2.0,3.0,4.0,-0.13692229255191954,-0.17769020761247245,-0.4701849420102447,0.10230203224474622,2.0,4.0,4.0,4.0,0
201,2,1.0,5.0,1.0,1,2.0,3.0,2.0,3.0,4.0,-0.13692229255191954,-0.17769020761247245,-0.4701849420102447,0.10230203224474622,2.0,4.0,4.0,4.0,0
202,2,1.0,5.0,1.0,1,1.0,2.0,4.0,2.0,5.0,-0.08879614021931417,-0.17769020761247245,0.8831852289111356,0.10230203224474622,3.0,4.0,5.0,4.0,0
203,2,2.0,4.0,2.0,1,2.0,1.0,5.0,5.0,7.0,-0.13692229255191954,-0.17769020761247245,-0.4701849420102447,-1.179482254115897,3.0,1.0,5.0,5.0,0
204,1,1.0,3.0,3.0,1,3.0,3.0,2.0,1.0,4.0,-0.08879614021931417,1.1274137310584462,2.236555399832516,1.3840863186053893,2.0,4.0,3.0,3.0,0
205,1,3.0,5.0,7.0,1,3.0,3.0,2.0,3.0,4.0,0.10370846911110733,1.1274137310584462,2.236555399832516,1.3840863186053893,2.0,4.0,4.0,5.0,0
206,2,1.0,4.0,3.0,1,2.0,3.0,3.0,3.0,4.0,-0.13692229255191954,-0.17769020761247245,-0.4701849420102447,0.10230203224474622,2.0,4.0,4.0,4.0,0
207,2,1.0,4.0,3.0,1,2.0,3.0,3.0,3.0,4.0,-0.13692229255191954,-0.17769020761247245,-0.4701849420102447,0.10230203224474622,2.0,4.0,4.0,4.0,0
208,3,3.0,4.0,8.0,2,3.0,3.0,5.0,5.0,6.0,-0.4016161303812491,-0.17769020761247245,-0.4701849420102447,-1.179482254115897,2.0,3.0,1.0,3.0,0
209,3,1.0,4.0,4.0,2,2.0,2.0,5.0,5.0,5.0,-0.28130074954973566,1.1274137310584462,-0.4701849420102447,0.10230203224474622,3.0,3.0,4.0,4.0,0
21,5,2.0,5.0,6.0,2,2.0,2.0,5.0,5.0,6.0,-0.28130074954973566,-0.17769020761247245,-0.4701849420102447,-1.179482254115897,3.0,5.0,5.0,4.0,0
210,5,1.0,2.0,1.0,1,2.0,3.0,4.0,4.0,2.0,-0.3775530542149464,1.1274137310584462,-0.4701849420102447,1.3840863186053893,5.0,5.0,3.0,5.0,1
211,5,1.0,4.0,6.0,2,2.0,3.0,2.0,3.0,1.0,1.2587361250936362,-2.7878980849543096,-0.4701849420102447,-1.179482254115897,5.0,3.0,3.0,4.0,0
212,5,1.0,4.0,7.0,1,2.0,2.0,1.0,2.0,5.0,-0.1850484448845249,-0.17769020761247245,0.8831852289111356,0.10230203224474622,1.0,4.0,1.0,5.0,0
213,5,1.0,3.0,3.0,2,3.0,3.0,1.0,3.0,3.0,0.007456164445896576,-2.7878980849543096,-0.4701849420102447,1.3840863186053893,2.0,1.0,2.0,5.0,0
22,1,1.0,3.0,3.0,1,2.0,3.0,3.0,3.0,4.0,-0.13692229255191954,-0.17769020761247245,-0.4701849420102447,0.10230203224474622,2.0,4.0,4.0,4.0,0
23,1,1.0,4.0,1.0,3,1.0,3.0,5.0,5.0,4.0,-0.1850484448845249,-0.17769020761247245,-0.4701849420102447,0.10230203224474622,1.0,4.0,4.0,4.0,0
24,4,2.0,4.0,1.0,1,2.0,3.0,2.0,2.0,3.0,-0.040669987886708794,1.1274137310584462,-0.4701849420102447,1.3840863186053893,5.0,4.0,2.0,2.0,0
25,4,1.0,4.0,8.0,1,2.0,4.0,1.0,3.0,2.0,0.24808692610892344,1.1274137310584462,2.236555399832516,1.3840863186053893,2.0,5.0,4.0,3.0,0
26,4,1.0,4.0,1.0,1,2.0,3.0,1.0,3.0,2.0,0.24808692610892344,1.1274137310584462,-0.4701849420102447,-1.179482254115897,2.0,4.0,3.0,4.0,1
27,2,1.0,4.0,1.0,2,3.0,3.0,4.0,4.0,4.0,-0.4016161303812491,-0.17769020761247245,-0.4701849420102447,0.10230203224474622,4.0,4.0,4.0,4.0,0
28,2,3.0,5.0,12.0,2,2.0,3.0,2.0,3.0,4.0,-0.13692229255191954,-0.17769020761247245,-0.4701849420102447,0.10230203224474622,2.0,4.0,4.0,4.0,0
29,2,3.0,5.0,3.0,1,3.0,3.0,2.0,2.0,5.0,0.6812222971023718,1.1274137310584462,0.8831852289111356,-1.179482254115897,2.0,1.0,5.0,5.0,1
3,5,1.0,3.0,4.0,1,2.0,1.0,7.0,6.0,6.0,-0.2331745972171303,1.1274137310584462,2.236555399832516,-1.179482254115897,2.0,3.0,4.0,4.0,0
30,2,3.0,4.0,12.0,1,2.0,3.0,2.0,3.0,4.0,-0.13692229255191954,-0.17769020761247245,-0.4701849420102447,0.10230203224474622,2.0,4.0,4.0,4.0,0
31,4,1.0,4.0,4.0,1,2.0,3.0,5.0,3.0,4.0,-0.13692229255191954,-0.17769020761247245,-0.4701849420102447,0.10230203224474622,2.0,4.0,4.0,4.0,0
32,2,2.0,4.0,4.0,2,3.0,2.0,2.0,2.0,4.0,0.4887176877719503,1.1274137310584462,-0.4701849420102447,0.10230203224474622,2.0,2.0,5.0,4.0,0
33,2,3.0,5.0,12.0,3,4.0,2.0,2.0,4.0,6.0,-0.08879614021931417,1.1274137310584462,-0.4701849420102447,-1.179482254115897,2.0,5.0,4.0,3.0,0
34,2,1.0,3.0,12.0,1,2.0,2.0,2.0,2.0,4.0,0.10370846911110733,-0.17769020761247245,-0.4701849420102447,0.10230203224474622,2.0,4.0,4.0,4.0,0
35,3,1.0,3.0,1.0,1,2.0,4.0,3.0,4.0,3.0,-0.08879614021931417,-0.17769020761247245,-0.4701849420102447,-1.179482254115897,2.0,3.0,5.0,3.0,0
36,3,1.0,4.0,1.0,1,3.0,3.0,1.0,2.0,2.0,-0.13692229255191954,-1.4827941462833911,-0.4701849420102447,-1.179482254115897,2.0,5.0,5.0,4.0,0
37,3,1.0,2.0,2.0,3,4.0,4.0,2.0,3.0,3.0,-0.28130074954973566,-2.7878980849543096,0.8831852289111356,1.3840863186053893,2.0,2.0,2.0,2.0,0
38,2,1.0,4.0,1.0,1,3.0,3.0,1.0,5.0,4.0,0.007456164445896576,-0.17769020761247245,-0.4701849420102447,0.10230203224474622,1.0,4.0,4.0,4.0,0
39,2,3.0,2.0,11.0,2,3.0,3.0,4.0,2.0,2.0,-0.08879614021931417,1.1274137310584462,-0.4701849420102447,0.10230203224474622,1.0,3.0,2.0,3.0,0
4,3,1.0,5.0,2.0,1,2.0,2.0,3.0,3.0,3.0,-0.32942690188234103,1.1274137310584462,-0.4701849420102447,-1.179482254115897,2.0,2.0,4.0,2.0,0
40,2,1.0,4.0,10.0,1,2.0,2.0,4.0,5.0,5.0,-0.08879614021931417,1.1274137310584462,-0.4701849420102447,0.10230203224474622,1.0,5.0,3.0,3.0,1
41,2,3.0,5.0,4.0,2,2.0,4.0,1.0,3.0,4.0,0.29621307844152883,1.1274137310584462,-0.4701849420102447,-1.179482254115897,3.0,2.0,2.0,1.0,0
42,5,1.0,3.0,3.0,2,3.0,3.0,3.0,2.0,2.0,0.007456164445896576,1.1274137310584462,-0.4701849420102447,0.10230203224474622,3.0,4.0,4.0,2.0,1
43,2,1.0,3.0,6.0,2,3.0,2.0,4.0,5.0,3.0,0.007456164445896576,-0.17769020761247245,0.8831852289111356,0.10230203224474622,1.0,5.0,4.0,5.0,1
45,2,1.0,5.0,2.0,2,3.0,3.0,4.0,4.0,4.0,0.007456164445896576,-0.17769020761247245,-0.4701849420102447,-1.179482254115897,2.0,1.0,5.0,4.0,1
46,2,1.0,4.0,4.0,1,2.0,2.0,4.0,3.0,2.0,-0.1850484448845249,1.1274137310584462,-0.4701849420102447,-1.179482254115897,1.0,1.0,2.0,4.0,1
47,2,1.0,4.0,1.0,1,3.0,3.0,4.0,5.0,5.0,0.10370846911110733,-0.17769020761247245,2.236555399832516,0.10230203224474622,3.0,2.0,4.0,5.0,0
49,2,3.0,3.0,1.0,2,2.0,3.0,1.0,3.0,4.0,-0.13692229255191954,-0.17769020761247245,-0.4701849420102447,0.10230203224474622,2.0,4.0,4.0,4.0,0
5,3,1.0,3.0,6.0,2,3.0,3.0,1.0,1.0,4.0,-0.32942690188234103,-2.7878980849543096,-0.4701849420102447,-1.179482254115897,3.0,4.0,5.0,5.0,0
50,2,1.0,4.0,3.0,1,2.0,3.0,3.0,3.0,4.0,-0.13692229255191954,-0.17769020761247245,-0.4701849420102447,0.10230203224474622,2.0,4.0,4.0,4.0,0
51,2,1.0,4.0,8.0,2,3.0,3.0,4.0,5.0,5.0,-0.13692229255191954,-0.17769020761247245,-0.4701849420102447,-1.179482254115897,2.0,5.0,5.0,4.0,0
52,2,2.0,4.0,7.0,3,2.0,2.0,3.0,4.0,5.0,-0.13692229255191954,1.1274137310584462,-0.4701849420102447,-1.179482254115897,1.0,5.0,5.0,4.0,1
53,3,3.0,4.0,12.0,1,2.0,3.0,6.0,5.0,4.0,0.007456164445896576,-0.17769020761247245,-0.4701849420102447,0.10230203224474622,4.0,4.0,4.0,4.0,0
54,2,1.0,4.0,1.0,1,2.0,2.0,5.0,5.0,5.0,-0.2331745972171303,1.1274137310584462,-0.4701849420102447,0.10230203224474622,2.0,5.0,4.0,4.0,0
55,1,3.0,4.0,3.0,1,2.0,3.0,5.0,5.0,5.0,-0.28130074954973566,1.1274137310584462,-0.4701849420102447,1.3840863186053893,2.0,5.0,5.0,3.0,0
56,2,2.0,4.0,3.0,1,3.0,3.0,3.0,2.0,2.0,-0.13692229255191954,1.1274137310584462,-0.4701849420102447,-1.179482254115897,2.0,5.0,4.0,3.0,1
57,1,1.0,3.0,5.0,1,2.0,3.0,2.0,2.0,3.0,-0.28130074954973566,-1.4827941462833911,0.8831852289111356,0.10230203224474622,2.0,2.0,4.0,4.0,0
58,3,1.0,4.0,1.0,1,2.0,2.0,5.0,5.0,4.0,-0.32942690188234103,-1.4827941462833911,-0.4701849420102447,-1.179482254115897,2.0,4.0,4.0,2.0,0
59,2,3.0,4.0,12.0,1,3.0,3.0,2.0,3.0,5.0,-0.2331745972171303,1.1274137310584462,2.236555399832516,0.10230203224474622,1.0,3.0,3.0,4.0,0
6,3,2.0,5.0,9.0,2,3.0,3.0,6.0,6.0,6.0,-0.28130074954973566,-1.4827941462833911,-0.4701849420102447,-1.179482254115897,3.0,4.0,3.0,4.0,0
60,2,1.0,4.0,4.0,2,3.0,3.0,5.0,5.0,5.0,-0.2331745972171303,-0.17769020761247245,2.236555399832516,1.3840863186053893,2.0,5.0,4.0,4.0,1
61,2,3.0,5.0,12.0,2,2.0,3.0,3.0,4.0,5.0,0.4887176877719503,1.1274137310584462,-0.4701849420102447,-1.179482254115897,2.0,4.0,4.0,4.0,0
62,2,1.0,5.0,1.0,1,2.0,3.0,3.0,5.0,5.0,-0.08879614021931417,-0.17769020761247245,-0.4701849420102447,-1.179482254115897,2.0,5.0,5.0,4.0,1
63,3,1.0,3.0,1.0,2,3.0,3.0,2.0,2.0,5.0,-0.2331745972171303,-1.4827941462833911,-0.4701849420102447,-1.179482254115897,2.0,2.0,4.0,4.0,0
64,2,3.0,4.0,6.0,2,2.0,3.0,5.0,3.0,5.0,-0.28130074954973566,-1.4827941462833911,-0.4701849420102447,0.10230203224474622,2.0,4.0,4.0,4.0,0
65,2,1.0,4.0,3.0,1,2.0,3.0,3.0,3.0,4.0,-0.13692229255191954,-0.17769020761247245,-0.4701849420102447,0.10230203224474622,2.0,4.0,4.0,4.0,0
66,2,1.0,4.0,3.0,1,2.0,3.0,3.0,3.0,4.0,-0.13692229255191954,-2.7878980849543096,-0.4701849420102447,-1.179482254115897,2.0,1.0,2.0,2.0,0
67,4,1.0,4.0,1.0,2,3.0,3.0,4.0,4.0,6.0,-0.016606911720406112,-0.17769020761247245,-0.4701849420102447,1.3840863186053893,2.0,5.0,2.0,5.0,0
68,2,1.0,2.0,4.0,1,2.0,3.0,2.0,2.0,4.0,-0.2331745972171303,-0.17769020761247245,-0.4701849420102447,1.3840863186053893,2.0,5.0,3.0,5.0,1
69,2,3.0,5.0,12.0,1,2.0,3.0,1.0,2.0,6.0,0.24808692610892344,-0.17769020761247245,-0.4701849420102447,0.10230203224474622,2.0,1.0,3.0,5.0,0
7,3,1.0,3.0,1.0,1,2.0,2.0,5.0,5.0,4.0,-0.2331745972171303,1.1274137310584462,-0.4701849420102447,0.10230203224474622,4.0,4.0,4.0,4.0,0
70,2,1.0,3.0,1.0,1,2.0,2.0,6.0,6.0,5.0,0.007456164445896576,-0.17769020761247245,-0.4701849420102447,0.10230203224474622,3.0,5.0,5.0,4.0,0
71,2,1.0,4.0,2.0,1,3.0,3.0,2.0,3.0,4.0,-0.1850484448845249,-1.4827941462833911,-0.4701849420102447,-1.179482254115897,2.0,4.0,4.0,4.0,0
72,2,2.0,5.0,4.0,1,2.0,2.0,3.0,2.0,3.0,-0.13692229255191954,-0.17769020761247245,-0.4701849420102447,-1.179482254115897,2.0,3.0,5.0,4.0,0
73,2,1.0,4.0,12.0,1,2.0,2.0,2.0,3.0,4.0,0.05558231677850195,-1.4827941462833911,0.8831852289111356,0.10230203224474622,2.0,3.0,3.0,4.0,1
74,2,1.0,5.0,12.0,2,2.0,3.0,5.0,5.0,4.0,-0.08879614021931417,-1.4827941462833911,-0.4701849420102447,-1.179482254115897,2.0,5.0,3.0,4.0,0
75,2,1.0,5.0,2.0,1,2.0,2.0,6.0,6.0,6.0,0.19996077377631807,-0.17769020761247245,-0.4701849420102447,-1.179482254115897,3.0,5.0,4.0,4.0,1
76,2,1.0,4.0,2.0,1,3.0,3.0,2.0,2.0,2.0,-0.040669987886708794,1.1274137310584462,-0.4701849420102447,1.3840863186053893,2.0,4.0,1.0,5.0,1
77,2,1.0,3.0,1.0,1,2.0,3.0,3.0,2.0,4.0,-0.13692229255191954,-0.17769020761247245,-0.4701849420102447,0.10230203224474622,2.0,4.0,4.0,4.0,0
78,2,2.0,2.0,1.0,2,3.0,2.0,1.0,2.0,5.0,-0.08879614021931417,-0.17769020761247245,-0.4701849420102447,2.665870604966033,2.0,2.0,5.0,4.0,0
79,2,1.0,3.0,2.0,1,2.0,2.0,4.0,3.0,4.0,0.05558231677850195,-1.4827941462833911,-0.4701849420102447,-1.179482254115897,2.0,3.0,4.0,4.0,0
8,3,2.0,5.0,3.0,1,2.0,2.0,5.0,3.0,4.0,-0.13692229255191954,1.1274137310584462,0.8831852289111356,0.10230203224474622,2.0,4.0,3.0,5.0,0
80,2,1.0,3.0,4.0,1,3.0,3.0,2.0,2.0,4.0,0.007456164445896576,1.1274137310584462,-0.4701849420102447,0.10230203224474622,1.0,4.0,2.0,4.0,0
81,3,1.0,3.0,4.0,1,4.0,4.0,3.0,3.0,5.0,0.10370846911110733,-2.7878980849543096,-0.4701849420102447,0.10230203224474622,3.0,2.0,5.0,3.0,0
82,3,1.0,4.0,1.0,2,4.0,4.0,1.0,4.0,6.0,0.24808692610892344,-1.4827941462833911,-0.4701849420102447,-1.179482254115897,2.0,2.0,5.0,4.0,0
83,3,1.0,3.0,1.0,2,2.0,2.0,1.0,1.0,3.0,-0.08879614021931417,1.1274137310584462,-0.4701849420102447,0.10230203224474622,5.0,1.0,1.0,5.0,1
84,3,2.0,4.0,3.0,1,2.0,2.0,5.0,4.0,4.0,-0.1850484448845249,-0.17769020761247245,2.236555399832516,0.10230203224474622,3.0,5.0,5.0,4.0,1
85,2,1.0,5.0,4.0,1,2.0,3.0,2.0,3.0,5.0,-0.08879614021931417,1.1274137310584462,-0.4701849420102447,1.3840863186053893,4.0,4.0,4.0,5.0,1
86,2,2.0,2.0,1.0,1,4.0,2.0,1.0,1.0,2.0,-0.1850484448845249,-0.17769020761247245,-0.4701849420102447,0.10230203224474622,4.0,3.0,4.0,5.0,1
87,2,1.0,3.0,1.0,1,3.0,2.0,2.0,3.0,5.0,0.7293484494349772,1.1274137310584462,-0.4701849420102447,0.10230203224474622,3.0,4.0,4.0,4.0,1
88,2,3.0,4.0,3.0,2,3.0,3.0,4.0,4.0,4.0,-0.42567920654755176,-0.17769020761247245,-0.4701849420102447,0.10230203224474622,3.0,4.0,4.0,4.0,0
89,2,2.0,4.0,2.0,3,2.0,3.0,4.0,3.0,2.0,-0.1850484448845249,-0.17769020761247245,-0.4701849420102447,0.10230203224474622,2.0,5.0,5.0,4.0,0
9,0,1.0,4.0,12.0,1,2.0,3.0,5.0,3.0,4.0,-0.13692229255191954,-0.17769020761247245,-0.4701849420102447,0.10230203224474622,2.0,4.0,4.0,4.0,0
90,5,1.0,3.0,1.0,1,3.0,3.0,4.0,4.0,3.0,-0.13692229255191954,-1.4827941462833911,-0.4701849420102447,2.665870604966033,2.0,5.0,1.0,5.0,1
91,5,3.0,4.0,12.0,3,2.0,3.0,7.0,3.0,4.0,-0.13692229255191954,-0.17769020761247245,-0.4701849420102447,0.10230203224474622,2.0,4.0,4.0,4.0,0
92,2,1.0,4.0,3.0,1,2.0,3.0,3.0,3.0,4.0,-0.13692229255191954,-0.17769020761247245,-0.4701849420102447,0.10230203224474622,2.0,4.0,4.0,4.0,0
93,6,2.0,4.0,12.0,3,2.0,3.0,5.0,3.0,4.0,-0.13692229255191954,-0.17769020761247245,-0.4701849420102447,0.10230203224474622,2.0,4.0,4.0,4.0,0
94,2,1.0,3.0,3.0,1,2.0,2.0,2.0,3.0,3.0,-0.1850484448845249,-0.17769020761247245,-0.4701849420102447,0.10230203224474622,2.0,3.0,2.0,1.0,0
95,2,1.0,3.0,1.0,2,2.0,3.0,2.0,2.0,3.0,-0.13692229255191954,-1.4827941462833911,-0.4701849420102447,-1.179482254115897,2.0,1.0,4.0,4.0,0
96,2,1.0,4.0,1.0,1,2.0,3.0,4.0,4.0,5.0,-0.28130074954973566,-1.4827941462833911,0.8831852289111356,1.3840863186053893,3.0,4.0,2.0,2.0,1
97,3,2.0,4.0,1.0,2,2.0,4.0,3.0,3.0,3.0,-0.3775530542149464,-0.17769020761247245,-0.4701849420102447,-1.179482254115897,3.0,2.0,4.0,3.0,1
98,3,2.0,5.0,12.0,1,2.0,3.0,4.0,4.0,4.0,-0.08879614021931417,-0.17769020761247245,-0.4701849420102447,0.10230203224474622,2.0,5.0,4.0,3.0,0
99,0,1.0,1.0,1.0,1,3.0,3.0,3.0,5.0,4.0,0.39246538310673956,1.1274137310584462,-0.4701849420102447,2.665870604966033,3.0,4.0,5.0,4.0,0
